Category,Product Name,Product Description,Vendor Name,Price per Unit,Min Quantity,Max Quantity per Shipment,Earliest Delivery
Construction Equipment,Cement Mixer (Portable electric mixer),Portable electric mixer,ConstructaCore,2289.75,11,286,2 weeks
Construction Equipment,Cement Mixer (Portable electric mixer),Portable electric mixer,SteelHawk Supplies,2531.57,11,196,Within a week
Construction Equipment,Cement Mixer (Portable electric mixer),Portable electric mixer,Komatsu,3583.86,16,137,Within a day
Construction Equipment,Cement Mixer (Portable electric mixer),Portable electric mixer,ConstructaCore,1912.67,11,449,Within a day
Construction Equipment,Cement Mixer (Portable electric mixer),Portable electric mixer,Doosan,1855.89,1,455,Within a month
Construction Equipment,Cement Mixer (Portable electric mixer),Portable electric mixer,SteelHawk Supplies,2858.38,16,138,Within a week
Construction Equipment,Cement Mixer (Portable electric mixer),Portable electric mixer,Doosan,2238.67,20,235,Within a month
Construction Equipment,Cement Mixer (Portable electric mixer),Portable electric mixer,JCB,3381.89,10,402,2 weeks
Construction Equipment,Cement Mixer (Portable electric mixer),Portable electric mixer,SteelHawk Supplies,3412.09,11,186,Within a week
Construction Equipment,Cement Mixer (Portable electric mixer),Portable electric mixer,Komatsu,2187.95,19,510,Within a day
Construction Equipment,Cement Mixer (Portable electric mixer),Portable electric mixer,Volvo CE,1734.16,4,341,Within a month
Construction Equipment,Cement Mixer (Portable electric mixer),Portable electric mixer,Bobcat,2288.78,2,262,Within a week
Construction Equipment,Cement Mixer (Portable electric mixer),Portable electric mixer,Komatsu,850.83,5,409,Within a week
Construction Equipment,Cement Mixer (Portable electric mixer),Portable electric mixer,MegaBuild Dynamics,1349.0,20,342,Within a month
Construction Equipment,Cement Mixer (Portable electric mixer),Portable electric mixer,Komatsu,2376.71,13,456,Within a day
Construction Equipment,Cement Mixer (Portable electric mixer),Portable electric mixer,Caterpillar,2263.64,2,341,Within a week
Construction Equipment,Cement Mixer (Portable electric mixer),Portable electric mixer,Volvo CE,2646.42,18,367,Within a week
Construction Equipment,Cement Mixer (Portable electric mixer),Portable electric mixer,Volvo CE,1933.04,11,114,Within a day
Construction Equipment,Cement Mixer (Portable electric mixer),Portable electric mixer,JCB,3830.96,19,448,2 weeks
Construction Equipment,Cement Mixer (Portable electric mixer),Portable electric mixer,Volvo CE,2694.35,13,123,Within a week
Construction Equipment,Cement Mixer (Portable electric mixer),Portable electric mixer,Komatsu,3097.36,5,111,2 weeks
Construction Equipment,Cement Mixer (Portable electric mixer),Portable electric mixer,Hitachi Construction,1243.36,20,241,2 weeks
Construction Equipment,Cement Mixer (Portable electric mixer),Portable electric mixer,Bobcat,3239.59,3,59,2 weeks
Construction Equipment,Cement Mixer (Portable electric mixer),Portable electric mixer,Hitachi Construction,1142.96,6,174,Within a month
Construction Equipment,Cement Mixer (Portable electric mixer),Portable electric mixer,Bobcat,2850.54,19,421,2 weeks
Construction Equipment,Cement Mixer (Portable electric mixer),Portable electric mixer,JCB,3015.47,14,201,Within a week
Construction Equipment,Cement Mixer (Portable electric mixer),Portable electric mixer,Bobcat,2500.21,12,71,Within a month
Construction Equipment,Cement Mixer (Portable electric mixer),Portable electric mixer,ConstructaCore,3504.2,3,365,Within a day
Construction Equipment,Cement Mixer (Portable electric mixer),Portable electric mixer,SteelHawk Supplies,2825.28,12,287,Within a day
Construction Equipment,Cement Mixer (Portable electric mixer),Portable electric mixer,JCB,920.77,7,129,2 weeks
Construction Equipment,Cement Mixer (Portable electric mixer),Portable electric mixer,Volvo CE,2412.69,4,101,Within a month
Construction Equipment,Cement Mixer (Portable electric mixer),Portable electric mixer,ConstructaCore,3050.87,8,138,Within a day
Construction Equipment,Cement Mixer (Portable electric mixer),Portable electric mixer,SteelHawk Supplies,1976.33,5,150,Within a day
Construction Equipment,Cement Mixer (Portable electric mixer),Portable electric mixer,Bobcat,889.37,12,148,2 weeks
Construction Equipment,Cement Mixer (Portable electric mixer),Portable electric mixer,ConstructaCore,3231.57,19,384,Within a month
Construction Equipment,Cement Mixer (Portable electric mixer),Portable electric mixer,Doosan,3618.39,3,46,Within a week
Construction Equipment,Cement Mixer (Portable electric mixer),Portable electric mixer,Caterpillar,3371.43,2,198,2 weeks
Construction Equipment,Cement Mixer (Portable electric mixer),Portable electric mixer,SteelHawk Supplies,3440.49,20,298,Within a day
Construction Equipment,Cement Mixer (Portable electric mixer),Portable electric mixer,Hitachi Construction,2984.32,10,74,Within a day
Construction Equipment,Cement Mixer (Portable electric mixer),Portable electric mixer,SteelHawk Supplies,1172.76,3,480,Within a day
Construction Equipment,Cement Mixer (Portable electric mixer),Portable electric mixer,MegaBuild Dynamics,3529.85,9,428,2 weeks
Construction Equipment,Cement Mixer (Portable electric mixer),Portable electric mixer,Bobcat,2582.33,11,274,Within a week
Construction Equipment,Cement Mixer (Portable electric mixer),Portable electric mixer,MegaBuild Dynamics,1370.32,8,153,2 weeks
Construction Equipment,Cement Mixer (Portable electric mixer),Portable electric mixer,Doosan,3281.94,11,362,Within a day
Construction Equipment,Cement Mixer (Portable electric mixer),Portable electric mixer,MegaBuild Dynamics,2785.91,4,156,2 weeks
Construction Equipment,Cement Mixer (Portable electric mixer),Portable electric mixer,JCB,3138.57,17,486,Within a month
Construction Equipment,Cement Mixer (Portable electric mixer),Portable electric mixer,SteelHawk Supplies,3459.1,18,441,Within a month
Construction Equipment,Cement Mixer (Portable electric mixer),Portable electric mixer,Bobcat,1777.68,13,461,Within a day
Construction Equipment,Cement Mixer (Portable electric mixer),Portable electric mixer,JCB,1054.94,15,97,Within a month
Construction Equipment,Cement Mixer (Portable electric mixer),Portable electric mixer,Doosan,835.61,12,381,Within a week
Construction Equipment,Cement Mixer (Portable electric mixer),Portable electric mixer,Caterpillar,2760.63,6,350,Within a day
Construction Equipment,Cement Mixer (Portable electric mixer),Portable electric mixer,SteelHawk Supplies,3734.61,20,390,2 weeks
Construction Equipment,Cement Mixer (Portable electric mixer),Portable electric mixer,JCB,3370.24,11,244,Within a month
Construction Equipment,Cement Mixer (Portable electric mixer),Portable electric mixer,SteelHawk Supplies,1979.96,5,21,Within a week
Construction Equipment,Cement Mixer (Portable electric mixer),Portable electric mixer,Volvo CE,1669.64,4,439,Within a day
Construction Equipment,Cement Mixer (Portable electric mixer),Portable electric mixer,Komatsu,2128.13,17,399,Within a week
Construction Equipment,Cement Mixer (Portable electric mixer),Portable electric mixer,Komatsu,1547.64,17,424,2 weeks
Construction Equipment,Cement Mixer (Portable electric mixer),Portable electric mixer,Doosan,2140.18,16,317,Within a day
Construction Equipment,Cement Mixer (Portable electric mixer),Portable electric mixer,JCB,1736.22,2,372,2 weeks
Construction Equipment,Cement Mixer (Portable electric mixer),Portable electric mixer,Doosan,893.59,13,341,Within a week
Construction Equipment,Cement Mixer (Portable electric mixer),Portable electric mixer,Doosan,3995.73,1,223,Within a month
Construction Equipment,Cement Mixer (Portable electric mixer),Portable electric mixer,SteelHawk Supplies,2181.73,17,279,Within a day
Construction Equipment,Cement Mixer (Portable electric mixer),Portable electric mixer,Volvo CE,3224.43,2,283,2 weeks
Construction Equipment,Cement Mixer (Portable electric mixer),Portable electric mixer,SteelHawk Supplies,3010.56,5,250,Within a week
Construction Equipment,Cement Mixer (Portable electric mixer),Portable electric mixer,Komatsu,3373.67,13,137,Within a week
Construction Equipment,Cement Mixer (Portable electric mixer),Portable electric mixer,Bobcat,2641.91,19,407,Within a week
Construction Equipment,Cement Mixer (Portable electric mixer),Portable electric mixer,JCB,3932.62,13,162,Within a week
Construction Equipment,Cement Mixer (Portable electric mixer),Portable electric mixer,Caterpillar,1032.2,2,381,Within a day
Construction Equipment,Cement Mixer (Portable electric mixer),Portable electric mixer,Hitachi Construction,1456.3,6,206,Within a month
Construction Equipment,Cement Mixer (Portable electric mixer),Portable electric mixer,Caterpillar,3536.41,12,44,Within a day
Construction Equipment,Cement Mixer (Portable electric mixer),Portable electric mixer,MegaBuild Dynamics,3907.77,3,328,Within a week
Construction Equipment,Cement Mixer (Portable electric mixer),Portable electric mixer,Volvo CE,3726.18,12,404,Within a week
Construction Equipment,Cement Mixer (Portable electric mixer),Portable electric mixer,MegaBuild Dynamics,3949.92,18,340,Within a week
Construction Equipment,Cement Mixer (Portable electric mixer),Portable electric mixer,Bobcat,3371.95,19,229,Within a week
Construction Equipment,Cement Mixer (Portable electric mixer),Portable electric mixer,MegaBuild Dynamics,3673.61,17,456,Within a month
Construction Equipment,Cement Mixer (Portable electric mixer),Portable electric mixer,Hitachi Construction,1738.85,19,164,Within a week
Construction Equipment,Cement Mixer (Portable electric mixer),Portable electric mixer,MegaBuild Dynamics,1682.24,1,288,2 weeks
Construction Equipment,Cement Mixer (Portable electric mixer),Portable electric mixer,Komatsu,2566.22,2,385,Within a month
Construction Equipment,Cement Mixer (Portable electric mixer),Portable electric mixer,Bobcat,2343.04,9,368,Within a week
Construction Equipment,Cement Mixer (Portable electric mixer),Portable electric mixer,JCB,1051.0,14,118,2 weeks
Construction Equipment,Cement Mixer (Portable electric mixer),Portable electric mixer,Bobcat,2045.33,9,492,Within a day
Construction Equipment,Cement Mixer (Portable electric mixer),Portable electric mixer,JCB,1547.93,20,200,Within a day
Construction Equipment,Cement Mixer (Portable electric mixer),Portable electric mixer,JCB,947.86,3,358,Within a day
Construction Equipment,Cement Mixer (Portable electric mixer),Portable electric mixer,Volvo CE,2995.83,4,408,Within a month
Construction Equipment,Cement Mixer (Portable electric mixer),Portable electric mixer,ConstructaCore,3173.68,20,386,Within a week
Construction Equipment,Cement Mixer (Portable electric mixer),Portable electric mixer,SteelHawk Supplies,2187.54,17,493,2 weeks
Construction Equipment,Cement Mixer (Portable electric mixer),Portable electric mixer,Caterpillar,2427.42,16,196,Within a week
Construction Equipment,Cement Mixer (Portable electric mixer),Portable electric mixer,Caterpillar,1189.31,3,86,Within a day
Construction Equipment,Concrete Saw (Industrial grade concrete cutter),Industrial grade concrete cutter,ConstructaCore,612.27,17,226,Within a month
Construction Equipment,Concrete Saw (Industrial grade concrete cutter),Industrial grade concrete cutter,SteelHawk Supplies,429.61,9,33,2 weeks
Construction Equipment,Concrete Saw (Industrial grade concrete cutter),Industrial grade concrete cutter,Hitachi Construction,975.09,20,327,Within a week
Construction Equipment,Concrete Saw (Industrial grade concrete cutter),Industrial grade concrete cutter,SteelHawk Supplies,861.55,13,342,Within a day
Construction Equipment,Concrete Saw (Industrial grade concrete cutter),Industrial grade concrete cutter,ConstructaCore,521.8,14,217,Within a month
Construction Equipment,Concrete Saw (Industrial grade concrete cutter),Industrial grade concrete cutter,MegaBuild Dynamics,680.62,2,288,2 weeks
Construction Equipment,Concrete Saw (Industrial grade concrete cutter),Industrial grade concrete cutter,Komatsu,698.27,9,95,Within a month
Construction Equipment,Concrete Saw (Industrial grade concrete cutter),Industrial grade concrete cutter,SteelHawk Supplies,238.44,4,308,2 weeks
Construction Equipment,Concrete Saw (Industrial grade concrete cutter),Industrial grade concrete cutter,Komatsu,252.1,10,496,Within a month
Construction Equipment,Concrete Saw (Industrial grade concrete cutter),Industrial grade concrete cutter,ConstructaCore,1065.33,6,302,Within a day
Construction Equipment,Concrete Saw (Industrial grade concrete cutter),Industrial grade concrete cutter,JCB,436.5,11,64,Within a day
Construction Equipment,Concrete Saw (Industrial grade concrete cutter),Industrial grade concrete cutter,Volvo CE,692.25,5,28,Within a week
Construction Equipment,Concrete Saw (Industrial grade concrete cutter),Industrial grade concrete cutter,Hitachi Construction,231.39,8,24,2 weeks
Construction Equipment,Concrete Saw (Industrial grade concrete cutter),Industrial grade concrete cutter,ConstructaCore,933.06,6,191,Within a week
Construction Equipment,Concrete Saw (Industrial grade concrete cutter),Industrial grade concrete cutter,MegaBuild Dynamics,1072.56,14,341,Within a month
Construction Equipment,Concrete Saw (Industrial grade concrete cutter),Industrial grade concrete cutter,ConstructaCore,351.23,19,381,2 weeks
Construction Equipment,Concrete Saw (Industrial grade concrete cutter),Industrial grade concrete cutter,Doosan,839.73,10,264,Within a month
Construction Equipment,Concrete Saw (Industrial grade concrete cutter),Industrial grade concrete cutter,MegaBuild Dynamics,481.57,17,448,Within a week
Construction Equipment,Concrete Saw (Industrial grade concrete cutter),Industrial grade concrete cutter,JCB,558.38,11,226,Within a day
Construction Equipment,Concrete Saw (Industrial grade concrete cutter),Industrial grade concrete cutter,SteelHawk Supplies,1078.87,20,212,2 weeks
Construction Equipment,Concrete Saw (Industrial grade concrete cutter),Industrial grade concrete cutter,JCB,535.91,15,446,Within a day
Construction Equipment,Concrete Saw (Industrial grade concrete cutter),Industrial grade concrete cutter,SteelHawk Supplies,632.33,10,482,2 weeks
Construction Equipment,Concrete Saw (Industrial grade concrete cutter),Industrial grade concrete cutter,MegaBuild Dynamics,229.19,7,23,Within a week
Construction Equipment,Concrete Saw (Industrial grade concrete cutter),Industrial grade concrete cutter,Bobcat,1077.14,4,390,Within a week
Construction Equipment,Concrete Saw (Industrial grade concrete cutter),Industrial grade concrete cutter,MegaBuild Dynamics,729.12,13,403,2 weeks
Construction Equipment,Concrete Saw (Industrial grade concrete cutter),Industrial grade concrete cutter,Doosan,246.36,1,177,Within a week
Construction Equipment,Concrete Saw (Industrial grade concrete cutter),Industrial grade concrete cutter,Caterpillar,317.39,7,333,Within a month
Construction Equipment,Concrete Saw (Industrial grade concrete cutter),Industrial grade concrete cutter,Volvo CE,977.21,9,435,Within a month
Construction Equipment,Concrete Saw (Industrial grade concrete cutter),Industrial grade concrete cutter,MegaBuild Dynamics,893.48,16,383,Within a week
Construction Equipment,Concrete Saw (Industrial grade concrete cutter),Industrial grade concrete cutter,Hitachi Construction,865.6,10,241,2 weeks
Construction Equipment,Concrete Saw (Industrial grade concrete cutter),Industrial grade concrete cutter,Caterpillar,776.59,15,471,Within a week
Construction Equipment,Concrete Saw (Industrial grade concrete cutter),Industrial grade concrete cutter,Volvo CE,1121.96,17,100,Within a day
Construction Equipment,Concrete Saw (Industrial grade concrete cutter),Industrial grade concrete cutter,JCB,951.93,9,463,Within a month
Construction Equipment,Concrete Saw (Industrial grade concrete cutter),Industrial grade concrete cutter,Caterpillar,1193.75,15,323,Within a week
Construction Equipment,Concrete Saw (Industrial grade concrete cutter),Industrial grade concrete cutter,Doosan,1082.12,14,368,Within a day
Construction Equipment,Concrete Saw (Industrial grade concrete cutter),Industrial grade concrete cutter,Doosan,1192.67,11,88,2 weeks
Construction Equipment,Concrete Saw (Industrial grade concrete cutter),Industrial grade concrete cutter,Caterpillar,413.76,12,212,2 weeks
Construction Equipment,Concrete Saw (Industrial grade concrete cutter),Industrial grade concrete cutter,SteelHawk Supplies,579.21,11,302,Within a week
Construction Equipment,Concrete Saw (Industrial grade concrete cutter),Industrial grade concrete cutter,Bobcat,731.58,3,154,2 weeks
Construction Equipment,Concrete Saw (Industrial grade concrete cutter),Industrial grade concrete cutter,JCB,290.61,17,464,Within a month
Construction Equipment,Concrete Saw (Industrial grade concrete cutter),Industrial grade concrete cutter,Hitachi Construction,383.43,6,127,Within a week
Construction Equipment,Concrete Saw (Industrial grade concrete cutter),Industrial grade concrete cutter,ConstructaCore,319.04,18,242,Within a day
Construction Equipment,Concrete Saw (Industrial grade concrete cutter),Industrial grade concrete cutter,JCB,1171.8,15,56,Within a week
Construction Equipment,Concrete Saw (Industrial grade concrete cutter),Industrial grade concrete cutter,Bobcat,1146.29,12,176,Within a month
Construction Equipment,Concrete Saw (Industrial grade concrete cutter),Industrial grade concrete cutter,SteelHawk Supplies,221.68,9,216,2 weeks
Construction Equipment,Concrete Saw (Industrial grade concrete cutter),Industrial grade concrete cutter,Caterpillar,364.62,18,294,Within a day
Construction Equipment,Concrete Saw (Industrial grade concrete cutter),Industrial grade concrete cutter,MegaBuild Dynamics,1052.18,20,390,2 weeks
Construction Equipment,Concrete Saw (Industrial grade concrete cutter),Industrial grade concrete cutter,MegaBuild Dynamics,607.52,16,287,Within a week
Construction Equipment,Concrete Saw (Industrial grade concrete cutter),Industrial grade concrete cutter,ConstructaCore,522.36,14,401,Within a week
Construction Equipment,Concrete Saw (Industrial grade concrete cutter),Industrial grade concrete cutter,Hitachi Construction,669.63,16,348,Within a month
Construction Equipment,Concrete Saw (Industrial grade concrete cutter),Industrial grade concrete cutter,Hitachi Construction,383.05,12,488,2 weeks
Construction Equipment,Concrete Saw (Industrial grade concrete cutter),Industrial grade concrete cutter,SteelHawk Supplies,392.79,4,263,2 weeks
Construction Equipment,Concrete Saw (Industrial grade concrete cutter),Industrial grade concrete cutter,ConstructaCore,1156.55,11,226,Within a week
Construction Equipment,Concrete Saw (Industrial grade concrete cutter),Industrial grade concrete cutter,Hitachi Construction,535.67,18,152,Within a week
Construction Equipment,Concrete Saw (Industrial grade concrete cutter),Industrial grade concrete cutter,SteelHawk Supplies,1096.26,2,275,Within a week
Construction Equipment,Concrete Saw (Industrial grade concrete cutter),Industrial grade concrete cutter,SteelHawk Supplies,1120.39,13,118,2 weeks
Construction Equipment,Concrete Saw (Industrial grade concrete cutter),Industrial grade concrete cutter,Bobcat,729.52,7,127,2 weeks
Construction Equipment,Concrete Saw (Industrial grade concrete cutter),Industrial grade concrete cutter,SteelHawk Supplies,470.66,4,474,Within a day
Construction Equipment,Concrete Saw (Industrial grade concrete cutter),Industrial grade concrete cutter,Caterpillar,211.8,7,222,Within a week
Construction Equipment,Concrete Saw (Industrial grade concrete cutter),Industrial grade concrete cutter,ConstructaCore,1179.54,10,81,2 weeks
Construction Equipment,Concrete Saw (Industrial grade concrete cutter),Industrial grade concrete cutter,ConstructaCore,938.75,5,447,Within a day
Construction Equipment,Concrete Saw (Industrial grade concrete cutter),Industrial grade concrete cutter,Bobcat,1093.25,10,107,Within a month
Construction Equipment,Concrete Saw (Industrial grade concrete cutter),Industrial grade concrete cutter,ConstructaCore,728.22,12,170,Within a day
Construction Equipment,Concrete Saw (Industrial grade concrete cutter),Industrial grade concrete cutter,MegaBuild Dynamics,697.16,2,94,Within a month
Construction Equipment,Concrete Saw (Industrial grade concrete cutter),Industrial grade concrete cutter,SteelHawk Supplies,534.29,20,285,2 weeks
Construction Equipment,Concrete Saw (Industrial grade concrete cutter),Industrial grade concrete cutter,Bobcat,320.82,8,431,2 weeks
Construction Equipment,Concrete Saw (Industrial grade concrete cutter),Industrial grade concrete cutter,MegaBuild Dynamics,781.15,3,250,Within a month
Construction Equipment,Concrete Saw (Industrial grade concrete cutter),Industrial grade concrete cutter,Caterpillar,489.87,19,202,2 weeks
Construction Equipment,Concrete Saw (Industrial grade concrete cutter),Industrial grade concrete cutter,Komatsu,740.09,1,464,Within a month
Construction Equipment,Concrete Saw (Industrial grade concrete cutter),Industrial grade concrete cutter,MegaBuild Dynamics,968.58,17,313,2 weeks
Construction Equipment,Concrete Saw (Industrial grade concrete cutter),Industrial grade concrete cutter,JCB,865.61,2,325,Within a day
Construction Equipment,Concrete Saw (Industrial grade concrete cutter),Industrial grade concrete cutter,Hitachi Construction,451.13,10,412,Within a month
Construction Equipment,Concrete Saw (Industrial grade concrete cutter),Industrial grade concrete cutter,SteelHawk Supplies,840.83,10,163,Within a week
Construction Equipment,Concrete Saw (Industrial grade concrete cutter),Industrial grade concrete cutter,Hitachi Construction,879.98,1,455,Within a week
Construction Equipment,Concrete Saw (Industrial grade concrete cutter),Industrial grade concrete cutter,Hitachi Construction,224.89,10,280,Within a week
Construction Equipment,Concrete Saw (Industrial grade concrete cutter),Industrial grade concrete cutter,SteelHawk Supplies,487.04,16,175,Within a week
Construction Equipment,Concrete Saw (Industrial grade concrete cutter),Industrial grade concrete cutter,SteelHawk Supplies,338.48,19,122,Within a week
Construction Equipment,Concrete Saw (Industrial grade concrete cutter),Industrial grade concrete cutter,Hitachi Construction,730.24,16,225,Within a month
Construction Equipment,Concrete Saw (Industrial grade concrete cutter),Industrial grade concrete cutter,Hitachi Construction,936.54,6,97,Within a day
Construction Equipment,Concrete Saw (Industrial grade concrete cutter),Industrial grade concrete cutter,MegaBuild Dynamics,933.17,17,219,Within a week
Construction Equipment,Concrete Saw (Industrial grade concrete cutter),Industrial grade concrete cutter,Bobcat,422.84,12,110,2 weeks
Construction Equipment,Concrete Saw (Industrial grade concrete cutter),Industrial grade concrete cutter,Komatsu,1152.28,12,283,2 weeks
Construction Equipment,Concrete Saw (Industrial grade concrete cutter),Industrial grade concrete cutter,Bobcat,420.17,6,357,Within a month
Construction Equipment,Concrete Saw (Industrial grade concrete cutter),Industrial grade concrete cutter,ConstructaCore,865.23,11,100,2 weeks
Construction Equipment,Concrete Saw (Industrial grade concrete cutter),Industrial grade concrete cutter,JCB,750.0,15,394,2 weeks
Construction Equipment,Concrete Saw (Industrial grade concrete cutter),Industrial grade concrete cutter,ConstructaCore,217.94,18,470,2 weeks
Construction Equipment,Concrete Saw (Industrial grade concrete cutter),Industrial grade concrete cutter,Caterpillar,1131.4,3,366,2 weeks
Construction Equipment,Concrete Saw (Industrial grade concrete cutter),Industrial grade concrete cutter,SteelHawk Supplies,967.99,11,110,Within a month
Construction Equipment,Concrete Saw (Industrial grade concrete cutter),Industrial grade concrete cutter,MegaBuild Dynamics,1019.63,8,428,Within a week
Construction Equipment,Concrete Saw (Industrial grade concrete cutter),Industrial grade concrete cutter,MegaBuild Dynamics,928.94,6,373,Within a day
Construction Equipment,Concrete Saw (Industrial grade concrete cutter),Industrial grade concrete cutter,ConstructaCore,480.39,19,71,2 weeks
Construction Equipment,Concrete Saw (Industrial grade concrete cutter),Industrial grade concrete cutter,ConstructaCore,541.52,19,118,Within a month
Construction Equipment,Concrete Saw (Industrial grade concrete cutter),Industrial grade concrete cutter,Volvo CE,677.95,6,191,2 weeks
Construction Equipment,Concrete Saw (Industrial grade concrete cutter),Industrial grade concrete cutter,SteelHawk Supplies,799.29,20,305,2 weeks
Construction Equipment,Concrete Saw (Industrial grade concrete cutter),Industrial grade concrete cutter,Hitachi Construction,815.12,1,486,Within a week
Construction Equipment,Concrete Saw (Industrial grade concrete cutter),Industrial grade concrete cutter,Hitachi Construction,424.97,8,74,Within a week
Construction Equipment,Concrete Saw (Industrial grade concrete cutter),Industrial grade concrete cutter,SteelHawk Supplies,1036.3,4,32,Within a day
Construction Equipment,Excavator Bucket (36-inch reinforced steel bucket),36-inch reinforced steel bucket,MegaBuild Dynamics,25800.31,15,244,2 weeks
Construction Equipment,Excavator Bucket (36-inch reinforced steel bucket),36-inch reinforced steel bucket,JCB,38582.32,12,194,Within a day
Construction Equipment,Excavator Bucket (36-inch reinforced steel bucket),36-inch reinforced steel bucket,Doosan,46143.45,20,131,Within a week
Construction Equipment,Excavator Bucket (36-inch reinforced steel bucket),36-inch reinforced steel bucket,Komatsu,21852.98,14,54,Within a month
Construction Equipment,Excavator Bucket (36-inch reinforced steel bucket),36-inch reinforced steel bucket,SteelHawk Supplies,15998.09,12,202,Within a week
Construction Equipment,Excavator Bucket (36-inch reinforced steel bucket),36-inch reinforced steel bucket,Doosan,44557.84,10,374,Within a day
Construction Equipment,Excavator Bucket (36-inch reinforced steel bucket),36-inch reinforced steel bucket,ConstructaCore,27336.77,5,58,Within a month
Construction Equipment,Excavator Bucket (36-inch reinforced steel bucket),36-inch reinforced steel bucket,SteelHawk Supplies,19339.92,7,218,Within a month
Construction Equipment,Excavator Bucket (36-inch reinforced steel bucket),36-inch reinforced steel bucket,Caterpillar,46385.26,4,52,Within a week
Construction Equipment,Excavator Bucket (36-inch reinforced steel bucket),36-inch reinforced steel bucket,MegaBuild Dynamics,34592.03,10,152,Within a month
Construction Equipment,Excavator Bucket (36-inch reinforced steel bucket),36-inch reinforced steel bucket,Hitachi Construction,47135.38,19,280,Within a week
Construction Equipment,Excavator Bucket (36-inch reinforced steel bucket),36-inch reinforced steel bucket,ConstructaCore,42733.21,3,224,2 weeks
Construction Equipment,Excavator Bucket (36-inch reinforced steel bucket),36-inch reinforced steel bucket,MegaBuild Dynamics,46733.62,2,115,2 weeks
Construction Equipment,Excavator Bucket (36-inch reinforced steel bucket),36-inch reinforced steel bucket,MegaBuild Dynamics,37737.61,3,276,Within a week
Construction Equipment,Excavator Bucket (36-inch reinforced steel bucket),36-inch reinforced steel bucket,SteelHawk Supplies,18121.23,4,149,2 weeks
Construction Equipment,Excavator Bucket (36-inch reinforced steel bucket),36-inch reinforced steel bucket,Doosan,34153.75,11,229,Within a day
Construction Equipment,Excavator Bucket (36-inch reinforced steel bucket),36-inch reinforced steel bucket,Doosan,29763.96,9,363,2 weeks
Construction Equipment,Excavator Bucket (36-inch reinforced steel bucket),36-inch reinforced steel bucket,ConstructaCore,13768.1,13,131,Within a month
Construction Equipment,Excavator Bucket (36-inch reinforced steel bucket),36-inch reinforced steel bucket,Volvo CE,34620.5,18,62,Within a week
Construction Equipment,Excavator Bucket (36-inch reinforced steel bucket),36-inch reinforced steel bucket,Hitachi Construction,21938.67,10,47,Within a month
Construction Equipment,Excavator Bucket (36-inch reinforced steel bucket),36-inch reinforced steel bucket,Caterpillar,7081.72,6,232,Within a day
Construction Equipment,Excavator Bucket (36-inch reinforced steel bucket),36-inch reinforced steel bucket,Doosan,20812.13,8,107,2 weeks
Construction Equipment,Excavator Bucket (36-inch reinforced steel bucket),36-inch reinforced steel bucket,Bobcat,17490.78,1,167,2 weeks
Construction Equipment,Excavator Bucket (36-inch reinforced steel bucket),36-inch reinforced steel bucket,Bobcat,48614.6,17,275,2 weeks
Construction Equipment,Excavator Bucket (36-inch reinforced steel bucket),36-inch reinforced steel bucket,JCB,15166.52,5,32,2 weeks
Construction Equipment,Excavator Bucket (36-inch reinforced steel bucket),36-inch reinforced steel bucket,JCB,13509.06,19,53,Within a month
Construction Equipment,Excavator Bucket (36-inch reinforced steel bucket),36-inch reinforced steel bucket,Komatsu,41077.04,17,428,Within a month
Construction Equipment,Excavator Bucket (36-inch reinforced steel bucket),36-inch reinforced steel bucket,JCB,20336.17,18,508,2 weeks
Construction Equipment,Excavator Bucket (36-inch reinforced steel bucket),36-inch reinforced steel bucket,Bobcat,33280.98,1,435,Within a day
Construction Equipment,Excavator Bucket (36-inch reinforced steel bucket),36-inch reinforced steel bucket,JCB,28791.76,6,154,Within a month
Construction Equipment,Excavator Bucket (36-inch reinforced steel bucket),36-inch reinforced steel bucket,Hitachi Construction,31513.97,8,38,Within a week
Construction Equipment,Excavator Bucket (36-inch reinforced steel bucket),36-inch reinforced steel bucket,MegaBuild Dynamics,32022.57,8,214,Within a week
Construction Equipment,Excavator Bucket (36-inch reinforced steel bucket),36-inch reinforced steel bucket,Bobcat,22727.59,6,307,Within a week
Construction Equipment,Excavator Bucket (36-inch reinforced steel bucket),36-inch reinforced steel bucket,MegaBuild Dynamics,19730.64,17,267,Within a month
Construction Equipment,Excavator Bucket (36-inch reinforced steel bucket),36-inch reinforced steel bucket,Volvo CE,44985.61,12,431,Within a week
Construction Equipment,Excavator Bucket (36-inch reinforced steel bucket),36-inch reinforced steel bucket,Doosan,15474.76,17,172,Within a day
Construction Equipment,Excavator Bucket (36-inch reinforced steel bucket),36-inch reinforced steel bucket,MegaBuild Dynamics,23796.32,2,335,Within a month
Construction Equipment,Excavator Bucket (36-inch reinforced steel bucket),36-inch reinforced steel bucket,Doosan,40330.39,12,72,2 weeks
Construction Equipment,Excavator Bucket (36-inch reinforced steel bucket),36-inch reinforced steel bucket,SteelHawk Supplies,19050.91,13,311,2 weeks
Construction Equipment,Excavator Bucket (36-inch reinforced steel bucket),36-inch reinforced steel bucket,Volvo CE,13472.24,13,360,Within a week
Construction Equipment,Excavator Bucket (36-inch reinforced steel bucket),36-inch reinforced steel bucket,MegaBuild Dynamics,41936.43,12,305,Within a month
Construction Equipment,Excavator Bucket (36-inch reinforced steel bucket),36-inch reinforced steel bucket,SteelHawk Supplies,38352.08,8,26,Within a month
Construction Equipment,Excavator Bucket (36-inch reinforced steel bucket),36-inch reinforced steel bucket,SteelHawk Supplies,30018.57,19,41,Within a month
Construction Equipment,Excavator Bucket (36-inch reinforced steel bucket),36-inch reinforced steel bucket,Komatsu,25500.95,2,244,Within a month
Construction Equipment,Excavator Bucket (36-inch reinforced steel bucket),36-inch reinforced steel bucket,SteelHawk Supplies,30114.79,14,433,Within a week
Construction Equipment,Excavator Bucket (36-inch reinforced steel bucket),36-inch reinforced steel bucket,MegaBuild Dynamics,25016.5,6,169,Within a day
Construction Equipment,Excavator Bucket (36-inch reinforced steel bucket),36-inch reinforced steel bucket,Caterpillar,15451.58,13,172,Within a day
Construction Equipment,Excavator Bucket (36-inch reinforced steel bucket),36-inch reinforced steel bucket,Bobcat,9036.16,12,392,Within a day
Construction Equipment,Excavator Bucket (36-inch reinforced steel bucket),36-inch reinforced steel bucket,Doosan,36448.55,16,89,Within a month
Construction Equipment,Excavator Bucket (36-inch reinforced steel bucket),36-inch reinforced steel bucket,ConstructaCore,7282.94,20,236,Within a day
Construction Equipment,Excavator Bucket (36-inch reinforced steel bucket),36-inch reinforced steel bucket,Hitachi Construction,19030.8,20,463,Within a month
Construction Equipment,Excavator Bucket (36-inch reinforced steel bucket),36-inch reinforced steel bucket,JCB,18429.51,10,237,Within a week
Construction Equipment,Excavator Bucket (36-inch reinforced steel bucket),36-inch reinforced steel bucket,Hitachi Construction,43014.07,13,468,2 weeks
Construction Equipment,Excavator Bucket (36-inch reinforced steel bucket),36-inch reinforced steel bucket,SteelHawk Supplies,38035.55,18,47,Within a month
Construction Equipment,Excavator Bucket (36-inch reinforced steel bucket),36-inch reinforced steel bucket,Komatsu,7738.22,2,133,Within a month
Construction Equipment,Excavator Bucket (36-inch reinforced steel bucket),36-inch reinforced steel bucket,Komatsu,23369.37,6,398,Within a month
Construction Equipment,Excavator Bucket (36-inch reinforced steel bucket),36-inch reinforced steel bucket,MegaBuild Dynamics,34921.71,17,227,Within a week
Construction Equipment,Excavator Bucket (36-inch reinforced steel bucket),36-inch reinforced steel bucket,Doosan,27069.0,3,194,2 weeks
Construction Equipment,Excavator Bucket (36-inch reinforced steel bucket),36-inch reinforced steel bucket,Caterpillar,8873.33,7,270,Within a day
Construction Equipment,Excavator Bucket (36-inch reinforced steel bucket),36-inch reinforced steel bucket,Doosan,30462.14,10,150,2 weeks
Construction Equipment,Excavator Bucket (36-inch reinforced steel bucket),36-inch reinforced steel bucket,JCB,24947.25,7,168,Within a day
Construction Equipment,Excavator Bucket (36-inch reinforced steel bucket),36-inch reinforced steel bucket,Caterpillar,7245.6,4,213,Within a month
Construction Equipment,Excavator Bucket (36-inch reinforced steel bucket),36-inch reinforced steel bucket,SteelHawk Supplies,40378.74,5,181,Within a week
Construction Equipment,Excavator Bucket (36-inch reinforced steel bucket),36-inch reinforced steel bucket,Bobcat,9557.29,13,382,Within a day
Construction Equipment,Excavator Bucket (36-inch reinforced steel bucket),36-inch reinforced steel bucket,Caterpillar,6548.24,8,377,Within a day
Construction Equipment,Excavator Bucket (36-inch reinforced steel bucket),36-inch reinforced steel bucket,Komatsu,5444.43,15,147,Within a month
Construction Equipment,Excavator Bucket (36-inch reinforced steel bucket),36-inch reinforced steel bucket,MegaBuild Dynamics,40969.55,8,83,2 weeks
Construction Equipment,Excavator Bucket (36-inch reinforced steel bucket),36-inch reinforced steel bucket,Bobcat,12472.73,14,374,Within a day
Construction Equipment,Excavator Bucket (36-inch reinforced steel bucket),36-inch reinforced steel bucket,ConstructaCore,31517.14,14,357,Within a day
Construction Equipment,Excavator Bucket (36-inch reinforced steel bucket),36-inch reinforced steel bucket,ConstructaCore,31892.75,4,453,Within a week
Construction Equipment,Excavator Bucket (36-inch reinforced steel bucket),36-inch reinforced steel bucket,Caterpillar,35774.19,20,431,Within a month
Construction Equipment,Excavator Bucket (36-inch reinforced steel bucket),36-inch reinforced steel bucket,Komatsu,27651.68,9,446,Within a month
Construction Equipment,Excavator Bucket (36-inch reinforced steel bucket),36-inch reinforced steel bucket,MegaBuild Dynamics,26126.42,10,56,2 weeks
Construction Equipment,Excavator Bucket (36-inch reinforced steel bucket),36-inch reinforced steel bucket,Doosan,16450.74,9,486,2 weeks
Construction Equipment,Excavator Bucket (36-inch reinforced steel bucket),36-inch reinforced steel bucket,Doosan,22708.38,12,174,Within a day
Construction Equipment,Excavator Bucket (36-inch reinforced steel bucket),36-inch reinforced steel bucket,Caterpillar,20710.65,12,292,2 weeks
Construction Equipment,Excavator Bucket (36-inch reinforced steel bucket),36-inch reinforced steel bucket,JCB,12219.26,17,401,Within a month
Construction Equipment,Excavator Bucket (36-inch reinforced steel bucket),36-inch reinforced steel bucket,Hitachi Construction,7774.27,8,203,Within a day
Construction Equipment,Excavator Bucket (36-inch reinforced steel bucket),36-inch reinforced steel bucket,Volvo CE,47146.81,20,222,Within a day
Construction Equipment,Excavator Bucket (36-inch reinforced steel bucket),36-inch reinforced steel bucket,Volvo CE,27137.91,2,227,Within a day
Construction Equipment,Excavator Bucket (36-inch reinforced steel bucket),36-inch reinforced steel bucket,Komatsu,40400.45,19,385,Within a day
Construction Equipment,Excavator Bucket (36-inch reinforced steel bucket),36-inch reinforced steel bucket,Bobcat,48827.57,13,159,2 weeks
Construction Equipment,Excavator Bucket (36-inch reinforced steel bucket),36-inch reinforced steel bucket,Bobcat,20844.06,20,307,2 weeks
Construction Equipment,Excavator Bucket (36-inch reinforced steel bucket),36-inch reinforced steel bucket,ConstructaCore,28844.21,10,35,Within a month
Construction Equipment,Excavator Bucket (36-inch reinforced steel bucket),36-inch reinforced steel bucket,Hitachi Construction,31823.23,1,354,Within a week
Construction Equipment,Excavator Bucket (36-inch reinforced steel bucket),36-inch reinforced steel bucket,Hitachi Construction,35687.59,11,33,Within a day
Construction Equipment,Excavator Bucket (36-inch reinforced steel bucket),36-inch reinforced steel bucket,ConstructaCore,46537.23,7,375,Within a week
Construction Equipment,Excavator Bucket (36-inch reinforced steel bucket),36-inch reinforced steel bucket,ConstructaCore,33196.67,6,488,Within a month
Construction Equipment,Excavator Bucket (36-inch reinforced steel bucket),36-inch reinforced steel bucket,SteelHawk Supplies,11850.21,8,488,Within a day
Construction Equipment,Excavator Bucket (36-inch reinforced steel bucket),36-inch reinforced steel bucket,SteelHawk Supplies,35782.36,10,418,Within a week
Construction Equipment,Excavator Bucket (36-inch reinforced steel bucket),36-inch reinforced steel bucket,ConstructaCore,22701.65,7,167,2 weeks
Construction Equipment,Excavator Bucket (36-inch reinforced steel bucket),36-inch reinforced steel bucket,ConstructaCore,18854.19,4,178,Within a day
Construction Equipment,Excavator Bucket (36-inch reinforced steel bucket),36-inch reinforced steel bucket,Hitachi Construction,38989.01,16,107,Within a month
Construction Equipment,Excavator Bucket (36-inch reinforced steel bucket),36-inch reinforced steel bucket,Volvo CE,24296.63,4,346,Within a month
Construction Equipment,Excavator Bucket (36-inch reinforced steel bucket),36-inch reinforced steel bucket,Hitachi Construction,40655.1,16,350,Within a week
Construction Equipment,Excavator Bucket (36-inch reinforced steel bucket),36-inch reinforced steel bucket,Caterpillar,49293.5,1,417,2 weeks
Construction Equipment,Excavator Bucket (36-inch reinforced steel bucket),36-inch reinforced steel bucket,Bobcat,7380.43,9,123,Within a day
Construction Equipment,Excavator Bucket (36-inch reinforced steel bucket),36-inch reinforced steel bucket,MegaBuild Dynamics,7603.56,17,263,Within a day
Construction Equipment,Excavator Bucket (36-inch reinforced steel bucket),36-inch reinforced steel bucket,Volvo CE,48222.54,17,502,Within a day
Construction Equipment,Excavator Bucket (36-inch reinforced steel bucket),36-inch reinforced steel bucket,Caterpillar,9788.53,5,116,2 weeks
Construction Equipment,Excavator Bucket (36-inch reinforced steel bucket),36-inch reinforced steel bucket,Hitachi Construction,15998.33,14,339,Within a day
Construction Equipment,Excavator Bucket (36-inch reinforced steel bucket),36-inch reinforced steel bucket,Komatsu,15093.83,2,152,Within a day
Construction Equipment,Excavator Bucket (36-inch reinforced steel bucket),36-inch reinforced steel bucket,Bobcat,27464.73,2,194,Within a day
Construction Equipment,Excavator Bucket (36-inch reinforced steel bucket),36-inch reinforced steel bucket,SteelHawk Supplies,35572.04,6,410,Within a month
Construction Equipment,Excavator Bucket (36-inch reinforced steel bucket),36-inch reinforced steel bucket,SteelHawk Supplies,41357.8,2,424,Within a day
Construction Equipment,Jackhammer (Heavy-duty demolition jackhammer),Heavy-duty demolition jackhammer,Doosan,152.97,2,180,Within a month
Construction Equipment,Jackhammer (Heavy-duty demolition jackhammer),Heavy-duty demolition jackhammer,Komatsu,101.24,19,166,2 weeks
Construction Equipment,Jackhammer (Heavy-duty demolition jackhammer),Heavy-duty demolition jackhammer,Bobcat,71.81,2,81,Within a week
Construction Equipment,Jackhammer (Heavy-duty demolition jackhammer),Heavy-duty demolition jackhammer,Caterpillar,25.08,8,140,Within a week
Construction Equipment,Jackhammer (Heavy-duty demolition jackhammer),Heavy-duty demolition jackhammer,Bobcat,42.29,12,190,Within a month
Construction Equipment,Jackhammer (Heavy-duty demolition jackhammer),Heavy-duty demolition jackhammer,SteelHawk Supplies,197.91,12,425,Within a month
Construction Equipment,Jackhammer (Heavy-duty demolition jackhammer),Heavy-duty demolition jackhammer,Doosan,79.24,1,377,2 weeks
Construction Equipment,Jackhammer (Heavy-duty demolition jackhammer),Heavy-duty demolition jackhammer,Komatsu,137.18,19,143,Within a month
Construction Equipment,Jackhammer (Heavy-duty demolition jackhammer),Heavy-duty demolition jackhammer,Bobcat,21.93,2,26,Within a month
Construction Equipment,Jackhammer (Heavy-duty demolition jackhammer),Heavy-duty demolition jackhammer,Hitachi Construction,140.64,12,509,Within a week
Construction Equipment,Jackhammer (Heavy-duty demolition jackhammer),Heavy-duty demolition jackhammer,SteelHawk Supplies,132.84,2,89,Within a week
Construction Equipment,Jackhammer (Heavy-duty demolition jackhammer),Heavy-duty demolition jackhammer,Bobcat,29.34,13,336,Within a day
Construction Equipment,Jackhammer (Heavy-duty demolition jackhammer),Heavy-duty demolition jackhammer,Bobcat,153.75,14,233,Within a day
Construction Equipment,Jackhammer (Heavy-duty demolition jackhammer),Heavy-duty demolition jackhammer,Volvo CE,40.36,11,41,Within a week
Construction Equipment,Jackhammer (Heavy-duty demolition jackhammer),Heavy-duty demolition jackhammer,JCB,101.58,20,127,2 weeks
Construction Equipment,Jackhammer (Heavy-duty demolition jackhammer),Heavy-duty demolition jackhammer,Caterpillar,188.51,18,345,Within a day
Construction Equipment,Jackhammer (Heavy-duty demolition jackhammer),Heavy-duty demolition jackhammer,Caterpillar,92.33,6,222,2 weeks
Construction Equipment,Jackhammer (Heavy-duty demolition jackhammer),Heavy-duty demolition jackhammer,Volvo CE,29.2,13,144,Within a day
Construction Equipment,Jackhammer (Heavy-duty demolition jackhammer),Heavy-duty demolition jackhammer,Komatsu,72.53,17,476,2 weeks
Construction Equipment,Jackhammer (Heavy-duty demolition jackhammer),Heavy-duty demolition jackhammer,Caterpillar,106.93,13,245,2 weeks
Construction Equipment,Jackhammer (Heavy-duty demolition jackhammer),Heavy-duty demolition jackhammer,SteelHawk Supplies,137.58,8,116,Within a month
Construction Equipment,Jackhammer (Heavy-duty demolition jackhammer),Heavy-duty demolition jackhammer,Komatsu,193.81,16,511,Within a day
Construction Equipment,Jackhammer (Heavy-duty demolition jackhammer),Heavy-duty demolition jackhammer,SteelHawk Supplies,112.71,19,436,Within a day
Construction Equipment,Jackhammer (Heavy-duty demolition jackhammer),Heavy-duty demolition jackhammer,MegaBuild Dynamics,74.26,11,282,2 weeks
Construction Equipment,Jackhammer (Heavy-duty demolition jackhammer),Heavy-duty demolition jackhammer,Doosan,166.06,4,63,Within a day
Construction Equipment,Jackhammer (Heavy-duty demolition jackhammer),Heavy-duty demolition jackhammer,Volvo CE,171.34,9,143,Within a week
Construction Equipment,Jackhammer (Heavy-duty demolition jackhammer),Heavy-duty demolition jackhammer,Bobcat,48.78,7,187,Within a month
Construction Equipment,Jackhammer (Heavy-duty demolition jackhammer),Heavy-duty demolition jackhammer,Caterpillar,127.07,7,194,Within a day
Construction Equipment,Jackhammer (Heavy-duty demolition jackhammer),Heavy-duty demolition jackhammer,Doosan,88.43,15,434,Within a week
Construction Equipment,Jackhammer (Heavy-duty demolition jackhammer),Heavy-duty demolition jackhammer,JCB,61.1,18,476,Within a month
Construction Equipment,Jackhammer (Heavy-duty demolition jackhammer),Heavy-duty demolition jackhammer,Volvo CE,113.27,16,396,Within a day
Construction Equipment,Jackhammer (Heavy-duty demolition jackhammer),Heavy-duty demolition jackhammer,Bobcat,29.56,11,53,Within a month
Construction Equipment,Jackhammer (Heavy-duty demolition jackhammer),Heavy-duty demolition jackhammer,Hitachi Construction,117.26,2,468,2 weeks
Construction Equipment,Jackhammer (Heavy-duty demolition jackhammer),Heavy-duty demolition jackhammer,Hitachi Construction,114.4,19,516,2 weeks
Construction Equipment,Jackhammer (Heavy-duty demolition jackhammer),Heavy-duty demolition jackhammer,Doosan,31.46,8,44,Within a month
Construction Equipment,Jackhammer (Heavy-duty demolition jackhammer),Heavy-duty demolition jackhammer,Bobcat,141.88,18,244,Within a week
Construction Equipment,Jackhammer (Heavy-duty demolition jackhammer),Heavy-duty demolition jackhammer,SteelHawk Supplies,59.9,6,175,Within a day
Construction Equipment,Jackhammer (Heavy-duty demolition jackhammer),Heavy-duty demolition jackhammer,Bobcat,197.19,18,456,Within a month
Construction Equipment,Jackhammer (Heavy-duty demolition jackhammer),Heavy-duty demolition jackhammer,MegaBuild Dynamics,112.57,7,428,Within a day
Construction Equipment,Jackhammer (Heavy-duty demolition jackhammer),Heavy-duty demolition jackhammer,SteelHawk Supplies,104.14,12,290,Within a week
Construction Equipment,Jackhammer (Heavy-duty demolition jackhammer),Heavy-duty demolition jackhammer,Hitachi Construction,126.58,5,179,Within a month
Construction Equipment,Jackhammer (Heavy-duty demolition jackhammer),Heavy-duty demolition jackhammer,Komatsu,122.77,19,444,Within a day
Construction Equipment,Jackhammer (Heavy-duty demolition jackhammer),Heavy-duty demolition jackhammer,Caterpillar,111.36,10,481,Within a month
Construction Equipment,Jackhammer (Heavy-duty demolition jackhammer),Heavy-duty demolition jackhammer,Hitachi Construction,85.45,8,450,Within a day
Construction Equipment,Jackhammer (Heavy-duty demolition jackhammer),Heavy-duty demolition jackhammer,JCB,40.28,10,204,Within a week
Construction Equipment,Jackhammer (Heavy-duty demolition jackhammer),Heavy-duty demolition jackhammer,JCB,114.26,20,403,Within a day
Construction Equipment,Jackhammer (Heavy-duty demolition jackhammer),Heavy-duty demolition jackhammer,Bobcat,34.05,15,188,Within a day
Construction Equipment,Jackhammer (Heavy-duty demolition jackhammer),Heavy-duty demolition jackhammer,Caterpillar,151.24,16,401,Within a month
Construction Equipment,Jackhammer (Heavy-duty demolition jackhammer),Heavy-duty demolition jackhammer,Doosan,99.36,6,490,Within a month
Construction Equipment,Jackhammer (Heavy-duty demolition jackhammer),Heavy-duty demolition jackhammer,Caterpillar,30.7,18,418,2 weeks
Construction Equipment,Jackhammer (Heavy-duty demolition jackhammer),Heavy-duty demolition jackhammer,JCB,67.88,19,495,2 weeks
Construction Equipment,Jackhammer (Heavy-duty demolition jackhammer),Heavy-duty demolition jackhammer,ConstructaCore,114.95,15,346,2 weeks
Construction Equipment,Jackhammer (Heavy-duty demolition jackhammer),Heavy-duty demolition jackhammer,Caterpillar,98.04,11,106,Within a day
Construction Equipment,Jackhammer (Heavy-duty demolition jackhammer),Heavy-duty demolition jackhammer,JCB,74.21,7,233,Within a week
Construction Equipment,Jackhammer (Heavy-duty demolition jackhammer),Heavy-duty demolition jackhammer,Hitachi Construction,63.74,18,435,Within a month
Construction Equipment,Jackhammer (Heavy-duty demolition jackhammer),Heavy-duty demolition jackhammer,Hitachi Construction,94.74,5,231,Within a day
Construction Equipment,Jackhammer (Heavy-duty demolition jackhammer),Heavy-duty demolition jackhammer,ConstructaCore,187.74,3,461,2 weeks
Construction Equipment,Jackhammer (Heavy-duty demolition jackhammer),Heavy-duty demolition jackhammer,Hitachi Construction,66.8,12,266,2 weeks
Construction Equipment,Jackhammer (Heavy-duty demolition jackhammer),Heavy-duty demolition jackhammer,MegaBuild Dynamics,72.3,18,431,2 weeks
Construction Equipment,Jackhammer (Heavy-duty demolition jackhammer),Heavy-duty demolition jackhammer,Komatsu,164.21,8,62,Within a day
Construction Equipment,Jackhammer (Heavy-duty demolition jackhammer),Heavy-duty demolition jackhammer,ConstructaCore,95.18,14,362,Within a day
Construction Equipment,Jackhammer (Heavy-duty demolition jackhammer),Heavy-duty demolition jackhammer,Doosan,94.03,9,275,Within a month
Construction Equipment,Jackhammer (Heavy-duty demolition jackhammer),Heavy-duty demolition jackhammer,JCB,86.16,7,68,Within a month
Construction Equipment,Jackhammer (Heavy-duty demolition jackhammer),Heavy-duty demolition jackhammer,Doosan,179.74,8,80,2 weeks
Construction Equipment,Jackhammer (Heavy-duty demolition jackhammer),Heavy-duty demolition jackhammer,Caterpillar,182.29,19,390,Within a day
Construction Equipment,Jackhammer (Heavy-duty demolition jackhammer),Heavy-duty demolition jackhammer,Caterpillar,26.25,13,281,Within a week
Construction Equipment,Jackhammer (Heavy-duty demolition jackhammer),Heavy-duty demolition jackhammer,Doosan,82.31,20,179,2 weeks
Construction Equipment,Jackhammer (Heavy-duty demolition jackhammer),Heavy-duty demolition jackhammer,Bobcat,22.11,9,35,Within a day
Construction Equipment,Jackhammer (Heavy-duty demolition jackhammer),Heavy-duty demolition jackhammer,Caterpillar,42.39,10,170,Within a month
Construction Equipment,Jackhammer (Heavy-duty demolition jackhammer),Heavy-duty demolition jackhammer,MegaBuild Dynamics,68.1,2,375,2 weeks
Construction Equipment,Jackhammer (Heavy-duty demolition jackhammer),Heavy-duty demolition jackhammer,SteelHawk Supplies,190.17,7,236,2 weeks
Construction Equipment,Jackhammer (Heavy-duty demolition jackhammer),Heavy-duty demolition jackhammer,SteelHawk Supplies,128.23,19,382,2 weeks
Construction Equipment,Jackhammer (Heavy-duty demolition jackhammer),Heavy-duty demolition jackhammer,SteelHawk Supplies,63.92,8,222,Within a month
Construction Equipment,Jackhammer (Heavy-duty demolition jackhammer),Heavy-duty demolition jackhammer,Volvo CE,194.3,18,436,Within a week
Construction Equipment,Jackhammer (Heavy-duty demolition jackhammer),Heavy-duty demolition jackhammer,Komatsu,160.06,13,56,Within a day
Construction Equipment,Jackhammer (Heavy-duty demolition jackhammer),Heavy-duty demolition jackhammer,Caterpillar,71.95,14,57,Within a week
Construction Equipment,Jackhammer (Heavy-duty demolition jackhammer),Heavy-duty demolition jackhammer,Bobcat,98.95,18,34,2 weeks
Construction Equipment,Jackhammer (Heavy-duty demolition jackhammer),Heavy-duty demolition jackhammer,Doosan,97.7,15,210,Within a month
Construction Equipment,Jackhammer (Heavy-duty demolition jackhammer),Heavy-duty demolition jackhammer,Volvo CE,48.84,15,204,2 weeks
Construction Equipment,Jackhammer (Heavy-duty demolition jackhammer),Heavy-duty demolition jackhammer,MegaBuild Dynamics,48.17,7,25,Within a week
Construction Equipment,Jackhammer (Heavy-duty demolition jackhammer),Heavy-duty demolition jackhammer,Bobcat,35.4,15,347,Within a week
Construction Equipment,Jackhammer (Heavy-duty demolition jackhammer),Heavy-duty demolition jackhammer,Caterpillar,114.4,8,152,Within a day
Construction Equipment,Jackhammer (Heavy-duty demolition jackhammer),Heavy-duty demolition jackhammer,MegaBuild Dynamics,124.29,15,175,2 weeks
Construction Equipment,Jackhammer (Heavy-duty demolition jackhammer),Heavy-duty demolition jackhammer,ConstructaCore,30.35,20,462,Within a month
Construction Equipment,Jackhammer (Heavy-duty demolition jackhammer),Heavy-duty demolition jackhammer,Hitachi Construction,127.14,16,200,Within a day
Construction Equipment,Jackhammer (Heavy-duty demolition jackhammer),Heavy-duty demolition jackhammer,ConstructaCore,48.09,9,472,2 weeks
Construction Equipment,Jackhammer (Heavy-duty demolition jackhammer),Heavy-duty demolition jackhammer,ConstructaCore,186.94,15,94,Within a month
Construction Equipment,Jackhammer (Heavy-duty demolition jackhammer),Heavy-duty demolition jackhammer,Doosan,83.08,5,321,Within a week
Construction Equipment,Jackhammer (Heavy-duty demolition jackhammer),Heavy-duty demolition jackhammer,Komatsu,41.17,5,364,Within a day
Construction Equipment,Jackhammer (Heavy-duty demolition jackhammer),Heavy-duty demolition jackhammer,JCB,152.18,6,80,Within a day
Construction Equipment,Jackhammer (Heavy-duty demolition jackhammer),Heavy-duty demolition jackhammer,Hitachi Construction,182.39,13,231,2 weeks
Construction Equipment,Jackhammer (Heavy-duty demolition jackhammer),Heavy-duty demolition jackhammer,Caterpillar,73.16,14,370,Within a day
Construction Equipment,Jackhammer (Heavy-duty demolition jackhammer),Heavy-duty demolition jackhammer,SteelHawk Supplies,82.55,3,109,Within a day
Construction Equipment,Jackhammer (Heavy-duty demolition jackhammer),Heavy-duty demolition jackhammer,Caterpillar,93.71,17,317,Within a month
Construction Equipment,Jackhammer (Heavy-duty demolition jackhammer),Heavy-duty demolition jackhammer,MegaBuild Dynamics,149.19,4,440,2 weeks
Construction Equipment,Jackhammer (Heavy-duty demolition jackhammer),Heavy-duty demolition jackhammer,ConstructaCore,118.89,6,338,Within a month
Construction Equipment,Jackhammer (Heavy-duty demolition jackhammer),Heavy-duty demolition jackhammer,JCB,48.64,19,419,Within a day
Construction Equipment,Jackhammer (Heavy-duty demolition jackhammer),Heavy-duty demolition jackhammer,Caterpillar,72.18,15,183,Within a month
Construction Equipment,Jackhammer (Heavy-duty demolition jackhammer),Heavy-duty demolition jackhammer,ConstructaCore,65.99,9,274,2 weeks
Construction Equipment,Jackhammer (Heavy-duty demolition jackhammer),Heavy-duty demolition jackhammer,JCB,64.37,9,198,Within a month
Construction Equipment,Jackhammer (Heavy-duty demolition jackhammer),Heavy-duty demolition jackhammer,ConstructaCore,77.41,18,38,2 weeks
Construction Equipment,Jackhammer (Heavy-duty demolition jackhammer),Heavy-duty demolition jackhammer,Caterpillar,185.16,15,50,Within a month
Construction Equipment,Jackhammer (Heavy-duty demolition jackhammer),Heavy-duty demolition jackhammer,JCB,172.21,3,338,Within a month
Construction Equipment,Scaffolding Set (Aluminum modular scaffolding kit),Aluminum modular scaffolding kit,Caterpillar,2552.98,11,303,Within a month
Construction Equipment,Scaffolding Set (Aluminum modular scaffolding kit),Aluminum modular scaffolding kit,SteelHawk Supplies,4178.34,6,257,Within a week
Construction Equipment,Scaffolding Set (Aluminum modular scaffolding kit),Aluminum modular scaffolding kit,Doosan,5687.98,14,75,Within a week
Construction Equipment,Scaffolding Set (Aluminum modular scaffolding kit),Aluminum modular scaffolding kit,JCB,4413.97,12,97,Within a month
Construction Equipment,Scaffolding Set (Aluminum modular scaffolding kit),Aluminum modular scaffolding kit,ConstructaCore,1039.57,4,61,Within a month
Construction Equipment,Scaffolding Set (Aluminum modular scaffolding kit),Aluminum modular scaffolding kit,ConstructaCore,4221.19,3,178,Within a day
Construction Equipment,Scaffolding Set (Aluminum modular scaffolding kit),Aluminum modular scaffolding kit,Volvo CE,3000.5,17,308,Within a week
Construction Equipment,Scaffolding Set (Aluminum modular scaffolding kit),Aluminum modular scaffolding kit,JCB,604.98,20,234,Within a month
Construction Equipment,Scaffolding Set (Aluminum modular scaffolding kit),Aluminum modular scaffolding kit,Volvo CE,986.91,3,366,2 weeks
Construction Equipment,Scaffolding Set (Aluminum modular scaffolding kit),Aluminum modular scaffolding kit,MegaBuild Dynamics,4338.21,18,77,Within a day
Construction Equipment,Scaffolding Set (Aluminum modular scaffolding kit),Aluminum modular scaffolding kit,Bobcat,2054.09,8,353,Within a week
Construction Equipment,Scaffolding Set (Aluminum modular scaffolding kit),Aluminum modular scaffolding kit,Volvo CE,3762.72,13,93,Within a month
Construction Equipment,Scaffolding Set (Aluminum modular scaffolding kit),Aluminum modular scaffolding kit,Bobcat,4738.21,3,139,Within a week
Construction Equipment,Scaffolding Set (Aluminum modular scaffolding kit),Aluminum modular scaffolding kit,MegaBuild Dynamics,4172.94,5,186,Within a week
Construction Equipment,Scaffolding Set (Aluminum modular scaffolding kit),Aluminum modular scaffolding kit,Caterpillar,890.7,17,235,Within a week
Construction Equipment,Scaffolding Set (Aluminum modular scaffolding kit),Aluminum modular scaffolding kit,Doosan,3161.3,2,65,2 weeks
Construction Equipment,Scaffolding Set (Aluminum modular scaffolding kit),Aluminum modular scaffolding kit,Hitachi Construction,4820.94,19,68,Within a week
Construction Equipment,Scaffolding Set (Aluminum modular scaffolding kit),Aluminum modular scaffolding kit,Caterpillar,2622.78,2,485,2 weeks
Construction Equipment,Scaffolding Set (Aluminum modular scaffolding kit),Aluminum modular scaffolding kit,SteelHawk Supplies,2742.09,18,229,2 weeks
Construction Equipment,Scaffolding Set (Aluminum modular scaffolding kit),Aluminum modular scaffolding kit,Caterpillar,3214.03,8,203,Within a day
Construction Equipment,Scaffolding Set (Aluminum modular scaffolding kit),Aluminum modular scaffolding kit,JCB,5017.0,15,314,Within a day
Construction Equipment,Scaffolding Set (Aluminum modular scaffolding kit),Aluminum modular scaffolding kit,SteelHawk Supplies,3165.11,20,289,Within a week
Construction Equipment,Scaffolding Set (Aluminum modular scaffolding kit),Aluminum modular scaffolding kit,Doosan,2325.32,20,516,2 weeks
Construction Equipment,Scaffolding Set (Aluminum modular scaffolding kit),Aluminum modular scaffolding kit,Volvo CE,5462.93,17,216,Within a day
Construction Equipment,Scaffolding Set (Aluminum modular scaffolding kit),Aluminum modular scaffolding kit,Volvo CE,6069.07,8,366,Within a week
Construction Equipment,Scaffolding Set (Aluminum modular scaffolding kit),Aluminum modular scaffolding kit,Bobcat,1371.02,8,505,Within a week
Construction Equipment,Scaffolding Set (Aluminum modular scaffolding kit),Aluminum modular scaffolding kit,JCB,3136.0,4,139,2 weeks
Construction Equipment,Scaffolding Set (Aluminum modular scaffolding kit),Aluminum modular scaffolding kit,Volvo CE,3733.0,11,316,Within a month
Construction Equipment,Scaffolding Set (Aluminum modular scaffolding kit),Aluminum modular scaffolding kit,Doosan,6841.43,3,314,Within a day
Construction Equipment,Scaffolding Set (Aluminum modular scaffolding kit),Aluminum modular scaffolding kit,Volvo CE,3644.2,17,456,Within a month
Construction Equipment,Scaffolding Set (Aluminum modular scaffolding kit),Aluminum modular scaffolding kit,Komatsu,2429.15,18,100,Within a week
Construction Equipment,Scaffolding Set (Aluminum modular scaffolding kit),Aluminum modular scaffolding kit,Caterpillar,6414.09,14,52,2 weeks
Construction Equipment,Scaffolding Set (Aluminum modular scaffolding kit),Aluminum modular scaffolding kit,JCB,6179.68,16,375,Within a day
Construction Equipment,Scaffolding Set (Aluminum modular scaffolding kit),Aluminum modular scaffolding kit,Bobcat,4187.39,19,201,Within a day
Construction Equipment,Scaffolding Set (Aluminum modular scaffolding kit),Aluminum modular scaffolding kit,Komatsu,5741.45,18,153,Within a week
Construction Equipment,Scaffolding Set (Aluminum modular scaffolding kit),Aluminum modular scaffolding kit,JCB,3999.03,16,280,2 weeks
Construction Equipment,Scaffolding Set (Aluminum modular scaffolding kit),Aluminum modular scaffolding kit,Doosan,5720.42,6,321,Within a day
Construction Equipment,Scaffolding Set (Aluminum modular scaffolding kit),Aluminum modular scaffolding kit,JCB,583.94,18,492,Within a day
Construction Equipment,Scaffolding Set (Aluminum modular scaffolding kit),Aluminum modular scaffolding kit,Caterpillar,3809.23,2,87,Within a day
Construction Equipment,Scaffolding Set (Aluminum modular scaffolding kit),Aluminum modular scaffolding kit,Bobcat,717.18,11,204,2 weeks
Construction Equipment,Scaffolding Set (Aluminum modular scaffolding kit),Aluminum modular scaffolding kit,Doosan,2863.61,15,451,Within a week
Construction Equipment,Scaffolding Set (Aluminum modular scaffolding kit),Aluminum modular scaffolding kit,MegaBuild Dynamics,1062.74,7,239,Within a month
Construction Equipment,Scaffolding Set (Aluminum modular scaffolding kit),Aluminum modular scaffolding kit,Hitachi Construction,2757.85,20,447,Within a month
Construction Equipment,Scaffolding Set (Aluminum modular scaffolding kit),Aluminum modular scaffolding kit,Volvo CE,1213.11,13,512,Within a day
Construction Equipment,Scaffolding Set (Aluminum modular scaffolding kit),Aluminum modular scaffolding kit,ConstructaCore,5665.23,4,317,Within a week
Construction Equipment,Scaffolding Set (Aluminum modular scaffolding kit),Aluminum modular scaffolding kit,Volvo CE,6930.72,16,104,Within a day
Construction Equipment,Scaffolding Set (Aluminum modular scaffolding kit),Aluminum modular scaffolding kit,JCB,6277.25,16,420,Within a day
Construction Equipment,Scaffolding Set (Aluminum modular scaffolding kit),Aluminum modular scaffolding kit,Bobcat,3885.05,6,171,Within a day
Construction Equipment,Scaffolding Set (Aluminum modular scaffolding kit),Aluminum modular scaffolding kit,Doosan,2490.0,10,96,Within a week
Construction Equipment,Scaffolding Set (Aluminum modular scaffolding kit),Aluminum modular scaffolding kit,ConstructaCore,2696.09,1,278,Within a week
Construction Equipment,Scaffolding Set (Aluminum modular scaffolding kit),Aluminum modular scaffolding kit,Komatsu,3864.96,17,97,Within a month
Construction Equipment,Scaffolding Set (Aluminum modular scaffolding kit),Aluminum modular scaffolding kit,ConstructaCore,543.08,7,72,Within a month
Construction Equipment,Scaffolding Set (Aluminum modular scaffolding kit),Aluminum modular scaffolding kit,Hitachi Construction,1293.17,6,45,Within a week
Construction Equipment,Scaffolding Set (Aluminum modular scaffolding kit),Aluminum modular scaffolding kit,Doosan,5583.33,2,470,Within a month
Construction Equipment,Scaffolding Set (Aluminum modular scaffolding kit),Aluminum modular scaffolding kit,Caterpillar,936.31,20,478,Within a week
Construction Equipment,Scaffolding Set (Aluminum modular scaffolding kit),Aluminum modular scaffolding kit,Volvo CE,1116.83,17,188,Within a week
Construction Equipment,Scaffolding Set (Aluminum modular scaffolding kit),Aluminum modular scaffolding kit,SteelHawk Supplies,1088.93,1,36,Within a day
Construction Equipment,Scaffolding Set (Aluminum modular scaffolding kit),Aluminum modular scaffolding kit,SteelHawk Supplies,4773.25,12,166,2 weeks
Construction Equipment,Scaffolding Set (Aluminum modular scaffolding kit),Aluminum modular scaffolding kit,SteelHawk Supplies,4376.88,7,347,Within a month
Construction Equipment,Scaffolding Set (Aluminum modular scaffolding kit),Aluminum modular scaffolding kit,Volvo CE,3480.87,9,487,Within a week
Construction Equipment,Scaffolding Set (Aluminum modular scaffolding kit),Aluminum modular scaffolding kit,JCB,6084.44,3,342,Within a month
Construction Equipment,Scaffolding Set (Aluminum modular scaffolding kit),Aluminum modular scaffolding kit,Caterpillar,6062.31,19,400,2 weeks
Construction Equipment,Scaffolding Set (Aluminum modular scaffolding kit),Aluminum modular scaffolding kit,SteelHawk Supplies,974.28,7,218,Within a week
Construction Equipment,Scaffolding Set (Aluminum modular scaffolding kit),Aluminum modular scaffolding kit,SteelHawk Supplies,5533.9,12,237,Within a week
Construction Equipment,Scaffolding Set (Aluminum modular scaffolding kit),Aluminum modular scaffolding kit,Hitachi Construction,1115.2,17,91,2 weeks
Construction Equipment,Scaffolding Set (Aluminum modular scaffolding kit),Aluminum modular scaffolding kit,Doosan,957.18,17,341,Within a day
Construction Equipment,Scaffolding Set (Aluminum modular scaffolding kit),Aluminum modular scaffolding kit,Hitachi Construction,4089.22,13,93,Within a week
Construction Equipment,Scaffolding Set (Aluminum modular scaffolding kit),Aluminum modular scaffolding kit,Caterpillar,5963.77,11,62,2 weeks
Construction Equipment,Scaffolding Set (Aluminum modular scaffolding kit),Aluminum modular scaffolding kit,Doosan,1405.79,19,179,Within a month
Construction Equipment,Scaffolding Set (Aluminum modular scaffolding kit),Aluminum modular scaffolding kit,SteelHawk Supplies,1613.52,10,252,Within a day
Construction Equipment,Scaffolding Set (Aluminum modular scaffolding kit),Aluminum modular scaffolding kit,MegaBuild Dynamics,1449.18,5,81,2 weeks
Construction Equipment,Scaffolding Set (Aluminum modular scaffolding kit),Aluminum modular scaffolding kit,Komatsu,5678.06,9,414,Within a month
Construction Equipment,Scaffolding Set (Aluminum modular scaffolding kit),Aluminum modular scaffolding kit,MegaBuild Dynamics,1685.53,20,111,Within a day
Construction Equipment,Scaffolding Set (Aluminum modular scaffolding kit),Aluminum modular scaffolding kit,Caterpillar,3563.16,17,231,Within a month
Construction Equipment,Scaffolding Set (Aluminum modular scaffolding kit),Aluminum modular scaffolding kit,ConstructaCore,5404.32,20,336,Within a week
Construction Equipment,Scaffolding Set (Aluminum modular scaffolding kit),Aluminum modular scaffolding kit,Bobcat,3852.06,18,206,Within a day
Construction Equipment,Scaffolding Set (Aluminum modular scaffolding kit),Aluminum modular scaffolding kit,JCB,1371.64,2,76,Within a week
Construction Equipment,Scaffolding Set (Aluminum modular scaffolding kit),Aluminum modular scaffolding kit,JCB,890.9,20,266,Within a month
Construction Equipment,Scaffolding Set (Aluminum modular scaffolding kit),Aluminum modular scaffolding kit,Doosan,2079.14,14,495,Within a month
Construction Equipment,Scaffolding Set (Aluminum modular scaffolding kit),Aluminum modular scaffolding kit,Doosan,1460.29,14,77,Within a week
Construction Equipment,Scaffolding Set (Aluminum modular scaffolding kit),Aluminum modular scaffolding kit,Komatsu,3046.1,19,43,Within a day
Construction Equipment,Scaffolding Set (Aluminum modular scaffolding kit),Aluminum modular scaffolding kit,Bobcat,4224.89,12,328,2 weeks
Construction Equipment,Scaffolding Set (Aluminum modular scaffolding kit),Aluminum modular scaffolding kit,ConstructaCore,4328.89,14,313,Within a month
Construction Equipment,Scaffolding Set (Aluminum modular scaffolding kit),Aluminum modular scaffolding kit,Doosan,6546.7,5,307,2 weeks
Construction Equipment,Scaffolding Set (Aluminum modular scaffolding kit),Aluminum modular scaffolding kit,Bobcat,6382.61,19,76,Within a day
Construction Equipment,Scaffolding Set (Aluminum modular scaffolding kit),Aluminum modular scaffolding kit,MegaBuild Dynamics,3175.57,16,298,Within a week
Construction Equipment,Scaffolding Set (Aluminum modular scaffolding kit),Aluminum modular scaffolding kit,Doosan,4799.51,18,445,Within a week
Construction Equipment,Scaffolding Set (Aluminum modular scaffolding kit),Aluminum modular scaffolding kit,MegaBuild Dynamics,834.23,18,435,Within a day
Construction Equipment,Scaffolding Set (Aluminum modular scaffolding kit),Aluminum modular scaffolding kit,SteelHawk Supplies,1656.65,1,323,2 weeks
Construction Equipment,Scaffolding Set (Aluminum modular scaffolding kit),Aluminum modular scaffolding kit,ConstructaCore,2337.72,13,249,2 weeks
Construction Equipment,Scaffolding Set (Aluminum modular scaffolding kit),Aluminum modular scaffolding kit,SteelHawk Supplies,2171.73,7,287,Within a day
Construction Equipment,Scaffolding Set (Aluminum modular scaffolding kit),Aluminum modular scaffolding kit,Hitachi Construction,6164.43,12,406,Within a month
Construction Equipment,Scaffolding Set (Aluminum modular scaffolding kit),Aluminum modular scaffolding kit,Doosan,4640.48,7,361,Within a week
Construction Equipment,Scaffolding Set (Aluminum modular scaffolding kit),Aluminum modular scaffolding kit,SteelHawk Supplies,6387.36,10,78,Within a week
Construction Equipment,Scaffolding Set (Aluminum modular scaffolding kit),Aluminum modular scaffolding kit,Hitachi Construction,4301.86,19,170,Within a week
Construction Equipment,Scaffolding Set (Aluminum modular scaffolding kit),Aluminum modular scaffolding kit,Hitachi Construction,6069.38,8,404,Within a day
Construction Equipment,Scaffolding Set (Aluminum modular scaffolding kit),Aluminum modular scaffolding kit,Caterpillar,6812.47,13,438,Within a day
Construction Equipment,Scaffolding Set (Aluminum modular scaffolding kit),Aluminum modular scaffolding kit,SteelHawk Supplies,911.44,3,311,Within a week
Construction Equipment,Scaffolding Set (Aluminum modular scaffolding kit),Aluminum modular scaffolding kit,Caterpillar,2229.39,10,41,Within a week
Construction Equipment,Scaffolding Set (Aluminum modular scaffolding kit),Aluminum modular scaffolding kit,Bobcat,6944.7,16,300,Within a day
Construction Equipment,Scaffolding Set (Aluminum modular scaffolding kit),Aluminum modular scaffolding kit,Doosan,4518.23,5,434,Within a day
Construction Equipment,Scaffolding Set (Aluminum modular scaffolding kit),Aluminum modular scaffolding kit,Komatsu,1053.25,18,359,2 weeks
Construction Equipment,Scaffolding Set (Aluminum modular scaffolding kit),Aluminum modular scaffolding kit,JCB,6402.46,10,154,Within a month
Construction Equipment,Scaffolding Set (Aluminum modular scaffolding kit),Aluminum modular scaffolding kit,SteelHawk Supplies,4713.07,7,316,2 weeks
Construction Equipment,Scaffolding Set (Aluminum modular scaffolding kit),Aluminum modular scaffolding kit,Volvo CE,1785.7,19,347,Within a week
Construction Equipment,Scaffolding Set (Aluminum modular scaffolding kit),Aluminum modular scaffolding kit,Doosan,4082.06,20,508,Within a day
Construction Equipment,Scaffolding Set (Aluminum modular scaffolding kit),Aluminum modular scaffolding kit,Volvo CE,5661.67,14,153,2 weeks
